-- Adminer 4.7.3 MySQL dump

SET NAMES utf8;
SET time_zone = '+00:00';
SET foreign_key_checks = 0;
SET sql_mode = 'NO_AUTO_VALUE_ON_ZERO';

SET NAMES utf8mb4;

INSERT INTO `music_artist` (`id`, `site`, `artist`, `name`, `status`, `created`, `updated`, `note`) VALUES
(1,	1,	32220939,	'en',	-1,	1588860595,	1588860595,	NULL),
(2,	1,	893484,	'The Chainsmokers',	-1,	1588861902,	1588861902,	NULL),
(3,	1,	12174057,	'艾辰',	-1,	1588941099,	1588941099,	NULL),
(4,	2,	1245790,	'艾辰',	-2,	1588955868,	1588956024,	'name');

INSERT INTO `music_site` (`id`, `name`, `url`, `favicon`) VALUES
(1,	'网易云音乐',	'https://music.163.com',	'http://s1.music.126.net/style/favicon.ico?v20180823'),
(2,	'酷我音乐',	'http://kuwo.cn/',	'http://image.kuwo.cn/website/favicon.ico');

INSERT INTO `music_song` (`id`, `site`, `artist`, `album`, `song`, `top`, `name`, `duration`, `created`, `updated`, `status`, `note`) VALUES
(1,	1,	32220939,	80816891,	1382596189,	1,	'嚣张',	253994,	1588861470,	1588861470,	-1,	NULL),
(2,	1,	32220939,	81948144,	1393382959,	2,	'你走之后的雨季',	191012,	1588861708,	1588861708,	-1,	NULL),
(3,	1,	32220939,	80816891,	1382592690,	3,	'嚣张 (伴奏)',	253994,	1588861708,	1588861708,	-1,	NULL),
(4,	1,	32220939,	81948144,	1393382960,	4,	'你走之后的雨季 (伴奏)',	191012,	1588861708,	1588861708,	-1,	NULL),
(5,	1,	32220939,	81178934,	1387119900,	5,	'暗示分离（翻自 en） ',	44856,	1588861708,	1588861708,	-1,	NULL),
(6,	1,	32220939,	79224113,	1366551860,	6,	'天龙八部之宿敌cover许嵩（翻自 许嵩） ',	238750,	1588861708,	1588861708,	-1,	NULL),
(7,	1,	32220939,	80464958,	1378885970,	7,	'云水谣 cover en（翻自 en） ',	35964,	1588861708,	1588861708,	-1,	NULL),
(8,	1,	32220939,	80402700,	1378055910,	8,	'云水谣',	241757,	1588861708,	1588861708,	-1,	NULL),
(9,	1,	32220939,	83972537,	1408386787,	9,	'西风醉 (伴奏)',	246956,	1588861708,	1588861708,	-1,	NULL),
(10,	1,	893484,	35196287,	461347998,	1,	'Something Just Like This',	247626,	1588861902,	1588861902,	-1,	NULL),
(11,	1,	893484,	34796273,	423228325,	2,	'Closer',	244960,	1588861902,	1588861902,	-1,	NULL),
(12,	1,	893484,	34897575,	432698441,	3,	'All We Know',	194080,	1588861902,	1588861902,	-1,	NULL),
(13,	1,	893484,	34840397,	427142481,	4,	'Clsr (Aash Mehta Flip)',	281495,	1588861902,	1588861902,	-1,	NULL),
(14,	1,	893484,	34477274,	402070862,	5,	'Don\'t Let Me Down',	208373,	1588861902,	1588861902,	-1,	NULL),
(15,	1,	893484,	34791499,	422977912,	6,	'Long Shot',	158511,	1588861902,	1588861902,	-1,	NULL),
(16,	1,	893484,	35124156,	453185808,	7,	'Paris',	221520,	1588861902,	1588861902,	-1,	NULL),
(17,	1,	893484,	3163209,	32639368,	8,	'Roses',	226795,	1588861902,	1588861902,	-1,	NULL),
(18,	1,	893484,	78222139,	1380001880,	9,	'Takeaway',	209946,	1588861902,	1588861902,	-1,	NULL),
(19,	1,	893484,	35347078,	470547658,	10,	'Young',	224773,	1588861902,	1588861902,	-1,	NULL),
(20,	1,	893484,	74872242,	1333199956,	11,	'Hope',	180166,	1588861902,	1588861902,	-1,	NULL),
(21,	1,	893484,	37767390,	544247523,	12,	'Everybody Hates Me',	224026,	1588861902,	1588861902,	-1,	NULL),
(22,	1,	893484,	35347078,	470547650,	13,	'Bloodstream',	224280,	1588861902,	1588861902,	-1,	NULL),
(23,	1,	893484,	75481029,	1344670477,	14,	'Who Do You Love',	226795,	1588861902,	1588861902,	-1,	NULL),
(24,	1,	893484,	35297371,	468490178,	15,	'The One',	177573,	1588861902,	1588861902,	-1,	NULL),
(25,	1,	893484,	35757387,	491294233,	16,	'Don\'t Say (Felix Palmqvist & Severo Remix)',	201665,	1588861902,	1588861902,	-1,	NULL),
(26,	1,	893484,	2822209,	28530970,	17,	'Selfie',	183000,	1588861902,	1588861902,	-1,	NULL),
(27,	1,	893484,	35017080,	442867192,	18,	'Setting Fires (ADAG!O Remix)',	158171,	1588861902,	1588861902,	-1,	NULL),
(28,	1,	893484,	35347078,	470547659,	19,	'Honest',	208000,	1588861902,	1588861902,	-1,	NULL),
(29,	1,	893484,	74872242,	1333199955,	20,	'This Feeling',	198008,	1588861902,	1588861902,	-1,	NULL),
(30,	1,	893484,	35347078,	470573538,	21,	'It Won\'t Kill Ya',	217613,	1588861902,	1588861902,	-1,	NULL),
(31,	1,	893484,	72565911,	1304758631,	22,	'Somebody',	223190,	1588861902,	1588861902,	-1,	NULL),
(32,	1,	893484,	2759514,	28690875,	23,	'#SELFIE (Instrumental Mix)',	183000,	1588861902,	1588861902,	-1,	NULL),
(33,	1,	893484,	78222139,	1368208276,	24,	'Call You Mine',	217704,	1588861902,	1588861902,	-1,	NULL),
(34,	1,	893484,	34589639,	408277626,	25,	'Roses X Love Yourself Mashup (Full Version)',	226638,	1588861902,	1588861902,	-1,	NULL),
(35,	1,	893484,	34929119,	436355363,	26,	'ALL WE KNOW',	208039,	1588861902,	1588861902,	-1,	NULL),
(36,	1,	893484,	37313047,	530801983,	27,	'Sick Boy',	193893,	1588861902,	1588861902,	-1,	NULL),
(37,	1,	893484,	34588415,	407889965,	28,	'Yellow vs. Don\'t Let Me Down (Mike Destiny Edit)',	255059,	1588861902,	1588861902,	-1,	NULL),
(38,	1,	893484,	37561360,	537407684,	29,	'You Owe Me',	190546,	1588861902,	1588861902,	-1,	NULL),
(39,	1,	893484,	83889813,	1407635417,	30,	'Family',	194873,	1588861902,	1588861902,	-1,	NULL),
(40,	1,	893484,	35347078,	470573539,	31,	'My Type',	217413,	1588861902,	1588861902,	-1,	NULL),
(41,	1,	893484,	34702516,	415792860,	32,	'Dont Let Me Down (Hardwell & Sephyx Extended Remix)',	274729,	1588861902,	1588861902,	-1,	NULL),
(42,	1,	893484,	83889813,	1401530822,	33,	'Push My Luck',	181890,	1588861902,	1588861902,	-1,	NULL),
(43,	1,	893484,	83889813,	1407635416,	34,	'The Reaper',	182987,	1588861902,	1588861902,	-1,	NULL),
(44,	1,	893484,	73971549,	1319391942,	35,	'Something Just Like 烟袋斜街',	246990,	1588861902,	1588861902,	-1,	NULL),
(45,	1,	893484,	34589696,	408277812,	36,	'Inside Out',	233825,	1588861902,	1588861902,	-1,	NULL),
(46,	1,	893484,	74427840,	1325698675,	37,	'Beach House',	206184,	1588861902,	1588861902,	-1,	NULL),
(47,	1,	893484,	78221460,	1354632802,	38,	'Kills You Slowly',	213394,	1588861902,	1588861902,	-1,	NULL),
(48,	1,	893484,	72565911,	1304757715,	39,	'Save Yourself',	210677,	1588861902,	1588861902,	-1,	NULL),
(49,	1,	893484,	78222139,	1361039401,	40,	'Do You Mean',	193227,	1588861902,	1588861902,	-1,	NULL),
(50,	1,	893484,	35347078,	470547657,	41,	'Wake Up Alone',	215720,	1588861902,	1588861902,	-1,	NULL),
(51,	1,	893484,	83889813,	1407635418,	42,	'See the Way',	178024,	1588861902,	1588861902,	-1,	NULL),
(52,	1,	893484,	35005526,	442605219,	43,	'Closer Water (Kap Slap Mashup)',	240744,	1588861902,	1588861902,	-1,	NULL),
(53,	1,	893484,	83889813,	1407635419,	44,	'P.S. I Hope You\'re Happy',	225410,	1588861902,	1588861902,	-1,	NULL),
(54,	1,	893484,	35347078,	470573537,	45,	'Break Up Every Night',	207520,	1588861902,	1588861902,	-1,	NULL),
(55,	1,	893484,	3295014,	34723034,	46,	'Until You Were Gone',	215666,	1588861902,	1588861902,	-1,	NULL),
(56,	1,	893484,	74872242,	1333206058,	47,	'Side Effects',	172800,	1588861902,	1588861902,	-1,	NULL),
(57,	1,	893484,	2684827,	27845437,	48,	'We Own The Night [Chainsmokers Extended]',	260000,	1588861902,	1588861902,	-1,	NULL),
(58,	1,	893484,	38520627,	556751820,	49,	'Something not alone(Leko mashup)',	274973,	1588861902,	1588861902,	-1,	NULL),
(59,	1,	893484,	73993173,	1319020350,	50,	'Siren',	174445,	1588861902,	1588861902,	-1,	NULL),
(60,	1,	12174057,	79417648,	1367954759,	1,	'愿',	248239,	1588941098,	1588941098,	-1,	NULL),
(61,	1,	12174057,	34978081,	439142173,	2,	'倚栏听风（Cover 郑国锋）',	222032,	1588941099,	1588941099,	-1,	NULL),
(62,	1,	12174057,	73836904,	1317410061,	3,	'可不可以 (完整版)',	240375,	1588941099,	1588941099,	-1,	NULL),
(63,	1,	12174057,	86516413,	1431276045,	4,	'想你',	255772,	1588941099,	1588941099,	-1,	NULL),
(64,	1,	12174057,	34978081,	525319156,	5,	'要抱抱（Cover 王蓉）',	248267,	1588941099,	1588941099,	-1,	NULL),
(65,	1,	12174057,	72593797,	1305504298,	6,	'君不见 (纯歌版)',	311446,	1588941099,	1588941099,	-1,	NULL),
(66,	1,	12174057,	34978081,	439142853,	7,	'干物女（Cover 洛天依）',	225399,	1588941099,	1588941099,	-1,	NULL),
(67,	1,	12174057,	73535519,	1312746456,	8,	'盗将行（翻自 花粥） ',	199464,	1588941099,	1588941099,	-1,	NULL),
(68,	1,	12174057,	34978081,	453777431,	9,	'霜雪千年（翻自 洛天依）（Cover 洛天依） ',	241712,	1588941099,	1588941099,	-1,	NULL),
(69,	1,	12174057,	34978081,	440759879,	10,	'一笑倾城（Cover 汪苏泷）',	231037,	1588941099,	1588941099,	-1,	NULL),
(70,	1,	12174057,	73703527,	1317116248,	11,	'移植',	259622,	1588941099,	1588941099,	-1,	NULL),
(71,	1,	12174057,	72593797,	1305504296,	12,	'君不见 (剧情版)',	371368,	1588941099,	1588941099,	-1,	NULL),
(72,	1,	12174057,	34978081,	453776489,	13,	'东京不太热（翻自 洛天依）（Cover 洛天依） ',	229105,	1588941099,	1588941099,	-1,	NULL),
(73,	1,	12174057,	73295143,	1310115907,	14,	'小橙子之歌',	263472,	1588941099,	1588941099,	-1,	NULL),
(74,	1,	12174057,	34978081,	453776498,	15,	'上邪（翻自 小曲儿）（Cover 小曲） ',	255806,	1588941099,	1588941099,	-1,	NULL),
(75,	1,	12174057,	74959671,	1335929984,	16,	'客官不可以（翻自 徐良） ',	225071,	1588941099,	1588941099,	-1,	NULL),
(76,	1,	12174057,	34978081,	439138883,	17,	'走在冷风中（cover 刘思涵）（Cover 刘思涵）',	207207,	1588941099,	1588941099,	-1,	NULL),
(77,	1,	12174057,	39684273,	573395032,	18,	'桃花凉（inst.)',	229500,	1588941099,	1588941099,	-1,	NULL),
(78,	1,	12174057,	34978081,	439138210,	19,	'小幸运（Cover 田馥甄）',	262592,	1588941099,	1588941099,	-1,	NULL),
(79,	1,	12174057,	74394031,	1332430114,	20,	'一不小心（合唱版）（翻自 颜小健） ',	201195,	1588941099,	1588941099,	-1,	NULL),
(80,	1,	12174057,	35470117,	477533032,	21,	'犯贱',	215211,	1588941099,	1588941099,	-1,	NULL),
(81,	1,	12174057,	81018499,	1386460224,	22,	'情话微甜（翻自 王圣锋） ',	207911,	1588941099,	1588941099,	-1,	NULL),
(82,	1,	12174057,	34978081,	443205440,	23,	'解药铃声（Cover 颜小健）',	39026,	1588941099,	1588941099,	-1,	NULL),
(83,	1,	12174057,	34978081,	443205439,	24,	'干物女手机铃声（Cover 洛天依）',	26801,	1588941099,	1588941099,	-1,	NULL),
(84,	1,	12174057,	34978081,	443205438,	25,	'倚栏听风铃声（Cover 郑国锋）',	38060,	1588941099,	1588941099,	-1,	NULL),
(85,	1,	12174057,	34978081,	443291265,	26,	'小幸运铃声（Cover 田馥甄）',	55040,	1588941099,	1588941099,	-1,	NULL),
(86,	1,	12174057,	86130804,	1427499215,	27,	'素颜（翻自 许嵩/何曼婷） ',	238933,	1588941099,	1588941099,	-1,	NULL),
(87,	1,	12174057,	73295143,	1310118245,	28,	'小橙子之歌',	261071,	1588941099,	1588941099,	-1,	NULL),
(88,	1,	12174057,	86516413,	1431276482,	29,	'想你 伴奏',	256133,	1588941099,	1588941099,	-1,	NULL),
(89,	1,	12174057,	79417648,	1367955799,	30,	'愿 (伴奏)',	250400,	1588941099,	1588941099,	-1,	NULL),
(90,	1,	12174057,	74959671,	1338931048,	31,	'情话（翻自 徐良） ',	238210,	1588941099,	1588941099,	-1,	NULL),
(91,	1,	12174057,	80888945,	1383727565,	32,	'小幸运（翻自 田馥甄） ',	267470,	1588941099,	1588941099,	-1,	NULL),
(92,	1,	12174057,	73703527,	1317116251,	33,	'移植 (伴奏)',	259622,	1588941099,	1588941099,	-1,	NULL),
(93,	1,	12174057,	86846667,	1434386821,	34,	'情话（翻自 徐良） ',	238210,	1588941099,	1588941099,	-1,	NULL),
(94,	1,	12174057,	83576403,	1405870766,	35,	'撒野（翻自 竾颜音） ',	290991,	1588941099,	1588941099,	-1,	NULL),
(95,	1,	12174057,	34978081,	440767840,	36,	'闹够了没有（Cover 赖伟峰）',	243826,	1588941099,	1588941099,	-1,	NULL),
(96,	1,	12174057,	34978081,	525316131,	37,	'9420（Cover 麦小兜）',	228205,	1588941099,	1588941099,	-1,	NULL),
(97,	1,	12174057,	34978081,	453776482,	38,	'我还想她（翻自 林俊杰）（Cover 林俊杰） ',	248994,	1588941099,	1588941099,	-1,	NULL),
(98,	1,	12174057,	34978081,	439138918,	39,	'江南（Cover 林俊杰）',	265437,	1588941099,	1588941099,	-1,	NULL),
(99,	1,	12174057,	34978081,	525315300,	40,	'可惜不是你（Cover 梁静茹）',	316186,	1588941099,	1588941099,	-1,	NULL),
(100,	1,	12174057,	34978081,	439138881,	41,	'该死的懦弱（Cover 胜屿）',	245574,	1588941099,	1588941099,	-1,	NULL),
(101,	1,	12174057,	34978081,	439139944,	42,	'龙卷风（Cover 周杰伦）',	249281,	1588941099,	1588941099,	-1,	NULL),
(102,	1,	12174057,	73777128,	1315924266,	43,	'光年之外（翻自 G.E.M.邓紫棋） ',	236160,	1588941099,	1588941099,	-1,	NULL),
(103,	1,	12174057,	34978081,	525318130,	44,	'陪我看日出（Cover 回音哥）',	251167,	1588941099,	1588941099,	-1,	NULL),
(104,	1,	12174057,	74959671,	1334943955,	45,	'素颜 合唱版（翻自 许嵩） ',	238889,	1588941099,	1588941099,	-1,	NULL),
(105,	1,	12174057,	74800912,	1332125752,	46,	'想象之中（翻自 许嵩） ',	246909,	1588941099,	1588941099,	-1,	NULL),
(106,	1,	12174057,	75473709,	1344727917,	47,	'落',	243589,	1588941099,	1588941099,	-1,	NULL),
(107,	1,	12174057,	36784181,	518863180,	48,	'桃花凉',	229634,	1588941099,	1588941099,	-1,	NULL),
(108,	1,	12174057,	82849156,	1400031119,	49,	'最高地位',	184444,	1588941099,	1588941099,	-1,	NULL),
(109,	1,	12174057,	73297043,	1310119042,	50,	'那些你很冒险的梦（翻自 林俊杰） ',	243670,	1588941099,	1588941099,	-1,	NULL),
(110,	2,	1245790,	NULL,	54975791,	1,	'落',	NULL,	1588955868,	1588956024,	-2,	'name'),
(111,	2,	1245790,	NULL,	89775181,	2,	'冬眠',	NULL,	1588955868,	1588956024,	-2,	'name'),
(112,	2,	1245790,	NULL,	91261580,	3,	'想你',	NULL,	1588955868,	1588956024,	-2,	'name'),
(113,	2,	1245790,	NULL,	69398092,	4,	'愿',	NULL,	1588955868,	1588956024,	-2,	'name'),
(114,	2,	1245790,	NULL,	41340393,	5,	'清明上河图',	NULL,	1588955868,	1588956024,	-2,	'name'),
(115,	2,	1245790,	NULL,	51570838,	6,	'樱花树下的约定',	NULL,	1588955868,	1588956024,	-2,	'name'),
(116,	2,	1245790,	NULL,	65778264,	7,	'琵琶行',	NULL,	1588955868,	1588956024,	-2,	'name'),
(117,	2,	1245790,	NULL,	41306874,	8,	'恋爱啦',	NULL,	1588955868,	1588956024,	-2,	'name'),
(118,	2,	1245790,	NULL,	92400085,	9,	'羡',	NULL,	1588955868,	1588956024,	-2,	'name'),
(119,	2,	1245790,	NULL,	55485245,	10,	'可不可以',	NULL,	1588955868,	1588956024,	-2,	'name'),
(120,	2,	1245790,	NULL,	28679320,	11,	'来不及说再见',	NULL,	1588955868,	1588956024,	-2,	'name'),
(121,	2,	1245790,	NULL,	65969787,	12,	'东坡',	NULL,	1588955868,	1588956024,	-2,	'name'),
(122,	2,	1245790,	NULL,	67982928,	13,	'九万字',	NULL,	1588955868,	1588956024,	-2,	'name'),
(123,	2,	1245790,	NULL,	39111537,	14,	'桃花凉',	NULL,	1588955868,	1588956024,	-2,	'name'),
(124,	2,	1245790,	NULL,	85167386,	15,	'念',	NULL,	1588955868,	1588956024,	-2,	'name');

-- 2020-05-18 12:19:31